2012,12,29,01:04:56,00:26:56,00:00:00,00:38:00,14,7560  kg
2013,3,20,00:51:33,00:22:33,00:00:00,00:29:00,14,7960  kg
2013,3,21,00:24:21,00:09:21,00:00:00,00:15:00,7,1668  kg
2013,3,25,00:30:44,00:12:44,00:00:00,00:18:00,8,2082  kg
2013,3,28,00:51:44,00:22:44,00:00:00,00:29:00,14,8402  kg
2013,4,14,00:32:02,00:13:02,00:00:00,00:19:00,10,2050.1  kg
2013,4,29,00:38:59,00:15:59,00:00:00,00:23:00,11,3265  kg
2013,5,2,00:24:27,00:09:27,00:00:00,00:15:00,8,3216  kg
2013,5,7,00:50:28,00:20:28,00:00:00,00:30:00,14,5099  kg
2013,5,11,00:53:04,00:24:04,00:00:00,00:29:00,14,9532  kg
2013,5,16,00:47:34,00:20:34,00:00:00,00:27:00,13,3958  kg
2013,5,20,00:31:36,00:12:36,00:00:00,00:19:00,10,4356  kg
2013,5,22,00:52:46,00:23:46,00:00:00,00:29:00,14,9588  kg
2013,5,28,00:35:48,00:15:48,00:00:00,00:20:00,13,2402  kg
2013,6,2,00:27:45,00:10:45,00:00:00,00:17:00,8,4252  kg
2013,6,9,00:33:00,00:14:00,00:00:00,00:19:00,9,2196  kg
2013,6,14,00:46:42,00:20:42,00:00:00,00:26:00,12,11634  kg
2013,6,22,00:34:49,00:13:49,00:00:00,00:21:00,10,4542  kg
2013,6,31,00:49:07,00:25:07,00:00:00,00:24:00,6,4700  kg
2013,7,1,00:49:07,00:25:07,00:00:00,00:24:00,6,4700  kg
2013,7,16,00:53:11,00:26:11,00:00:00,00:27:00,7,5094  kg
2013,7,19,01:11:49,00:37:49,00:00:00,00:34:00,9,11412  kg
2013,7,22,00:36:28,00:17:28,00:00:00,00:19:00,9,7900  kg
2013,7,24,00:33:43,00:15:43,00:00:00,00:18:00,9,9220  kg
2013,7,26,00:35:51,00:17:51,00:00:00,00:18:00,9,8142.5  kg
2013,7,29,00:35:00,00:16:00,00:00:00,00:19:00,9,9630  kg
2013,7,31,00:36:25,00:18:25,00:00:00,00:18:00,9,13138  kg
2013,8,2,00:35:58,00:17:58,00:00:00,00:18:00,9,10090  kg
2013,8,6,00:35:45,00:12:45,00:00:00,00:23:00,6,6290  kg
2013,8,8,00:40:45,00:15:45,00:00:00,00:25:00,7,6586  kg
2013,8,10,00:47:48,00:17:48,00:00:00,00:30:00,8,8642.5  kg
2013,8,12,00:35:18,00:13:18,00:00:00,00:22:00,6,6520.5  kg
2013,8,14,00:42:23,00:16:23,00:00:00,00:26:00,7,8712.5  kg
2013,8,16,00:41:49,00:15:49,00:00:00,00:26:00,8,7800  kg
2013,8,19,00:48:33,00:18:33,00:00:00,00:30:00,8,9547.5  kg
2013,8,21,00:38:22,00:14:22,00:00:00,00:24:00,7,6847  kg
2013,8,27,00:35:31,00:13:31,00:00:00,00:22:00,6,6648.5  kg
2013,9,3,00:46:57,00:17:57,00:00:00,00:29:00,8,9492  kg
2013,9,13,00:48:23,00:19:23,00:00:00,00:29:00,8,8782  kg
2013,9,21,00:04:11,00:02:11,00:00:00,00:02:00,1,440  kg
2013,10,14,00:36:53,00:12:53,00:00:00,00:24:00,6,5374.5  kg
2013,10,21,00:25:17,00:10:17,00:00:00,00:15:00,5,4120  kg
2013,10,23,00:43:55,00:16:55,00:00:00,00:27:00,7,8636.5  kg
2013,10,30,00:40:07,00:15:07,00:00:00,00:25:00,8,7260.5  kg
2013,11,1,00:32:07,00:12:07,00:00:00,00:20:00,6,45634  kg
2013,11,8,00:12:28,00:04:28,00:00:00,00:08:00,3,1791  kg
2013,11,13,00:17:39,00:05:39,00:00:00,00:12:00,4,4246.5  kg
2013,11,29,18:51:50,00:02:25,18:51:50,00:00:16,2,910  kg
2013,12,3,00:18:10,00:07:10,00:00:00,00:11:00,3,3930  kg
2013,12,16,19:36:27,00:05:45,19:36:27,00:11:04,3,4350  kg
2013,12,22,16:05:14,00:12:15,16:05:14,00:32:14,7,6710  kg
2013,12,23,20:15:15,00:05:35,20:15:15,00:12:01,5,3080  kg
2013,12,29,19:07:20,00:12:21,19:07:20,00:41:34,6,7850  kg
2013,12,30,19:24:48,00:09:20,19:24:48,00:12:43,6,5270  kg
2014,1,4,00:07:56,00:02:56,00:00:00,00:05:00,1,2690  kg
2014,1,6,18:07:51,00:01:40,18:07:51,00:02:32,1,1750  kg
2014,1,8,19:41:14,00:06:15,19:41:14,00:00:27,4,4150  kg
2014,1,10,00:05:41,00:01:41,00:00:00,00:04:00,1,1840  kg
2014,1,18,17:25:49,00:02:25,17:25:49,00:00:19,2,1600  kg
2014,1,19,16:35:41,00:05:40,16:35:41,00:11:47,5,4000  kg
2014,1,30,20:35:12,00:10:09,20:35:12,00:08:36,5,5390  kg
2014,2,1,17:13:58,00:25:14,17:13:58,00:26:21,9,3435  kg
2014,2,4,20:33:32,00:12:38,20:33:32,00:18:23,4,4450  kg
2014,2,5,18:27:36,00:16:09,18:27:36,00:13:13,5,14430  kg
2014,2,11,00:28:55,00:13:55,00:00:00,00:15:00,5,6610  kg
2014,2,12,20:59:10,00:17:56,20:59:10,00:10:13,6,3028  kg
2014,2,14,18:32:49,00:05:15,18:32:49,00:07:24,2,6300  kg
2014,2,20,21:32:58,00:12:20,21:32:58,00:55:53,4,1205  kg
2014,2,24,18:48:29,00:11:44,18:48:29,00:11:34,4,5735  kg
2014,2,25,22:11:50,00:11:13,22:11:50,00:14:27,3,10835  kg
2014,2,27,20:13:22,00:22:25,20:13:22,00:14:09,8,4447.5  kg
2014,3,5,21:29:22,00:19:50,21:29:22,00:26:02,6,5882.5  kg
2014,3,7,19:15:42,00:19:51,19:15:42,00:41:25,6,17930  kg
2014,3,10,19:23:52,00:15:36,19:23:52,00:25:52,6,8070  kg
2014,3,14,00:34:43,00:16:43,00:00:00,00:18:00,5,5400  kg
2014,3,16,00:11:06,00:06:06,00:00:00,00:05:00,1,9545  kg
2014,3,19,20:32:55,00:15:45,20:32:55,00:31:19,5,16040  kg
2014,3,20,21:14:53,00:17:01,21:14:53,00:17:53,6,3435.5  kg
2014,3,21,20:45:57,00:06:31,20:45:57,00:16:05,2,1597.5  kg
2014,3,23,13:16:19,00:04:24,13:16:19,00:02:57,2,3120  kg
2014,3,24,20:57:50,00:16:03,20:57:50,00:20:26,5,16245  kg
2014,3,25,19:38:25,00:22:56,19:38:25,00:32:53,8,5532.5  kg
2014,3,30,21:15:41,00:05:24,21:15:41,00:00:16,9,17992  kg
2014,3,31,18:17:02,00:16:43,18:17:02,00:25:19,4,5465  kg
2014,4,2,00:54:13,00:28:13,00:00:00,00:26:00,9,6160  kg
2014,4,4,00:52:09,00:25:09,00:00:00,00:27:00,8,8905  kg
2014,4,5,16:56:37,00:22:20,16:56:37,00:33:52,2,3740  kg
2014,4,7,00:14:13,00:06:13,00:00:00,00:08:00,3,9430  kg
2014,4,9,00:25:46,00:11:46,00:00:00,00:14:00,4,4307.5  kg
2014,4,10,18:37:29,00:10:16,18:37:29,00:06:19,4,3592.5  kg
2014,4,12,00:32:43,00:15:43,00:00:00,00:17:00,6,14415  kg
2014,4,13,18:41:14,00:14:59,18:41:14,00:29:03,4,5304  kg
2014,4,14,19:10:34,00:08:04,19:10:34,00:15:11,3,2560  kg
2014,4,16,00:34:47,00:16:47,00:00:00,00:18:00,5,17055  kg
2014,4,17,07:49:20,00:15:03,07:49:20,00:19:39,5,4202.5  kg
2014,4,22,00:25:58,00:11:58,00:00:00,00:14:00,5,4267.5  kg
2014,4,23,07:50:56,00:10:39,07:50:56,00:16:23,4,13053  kg
2014,4,24,18:24:06,00:11:19,18:24:06,00:03:03,4,5190  kg
2014,5,2,00:16:48,00:07:48,00:00:00,00:09:00,3,1392.5  kg
2014,5,4,00:28:42,00:13:42,00:00:00,00:15:00,5,4425  kg
2014,5,6,00:06:36,00:02:36,00:00:00,00:04:00,1,400  kg
2014,6,9,00:30:54,00:12:54,00:00:00,00:18:00,6,5312.5  kg
2014,6,11,00:26:57,00:10:57,00:00:00,00:16:00,6,7310  kg
2014,6,12,12:51:51,00:09:29,12:51:51,00:11:13,6,6292.5  kg
2014,6,14,00:28:27,00:15:27,00:00:00,00:13:00,6,13625  kg
2014,6,17,00:32:07,00:17:07,00:00:00,00:15:00,6,4375  kg
2014,6,18,19:44:13,00:15:36,19:44:13,00:19:28,3,7010  kg
2014,6,20,00:13:33,00:06:33,00:00:00,00:07:00,3,9815  kg
2014,6,24,00:26:29,00:12:29,00:00:00,00:14:00,6,6490  kg
2014,6,25,18:32:34,00:11:07,18:32:34,00:08:25,5,13807.5  kg
2014,6,29,00:23:20,00:10:20,00:00:00,00:13:00,5,7850  kg
2014,6,30,07:46:36,00:08:56,07:46:36,00:19:24,6,5597.5  kg
2014,6,31,07:50:24,00:12:55,07:50:24,00:11:41,6,5050  kg
2014,7,1,07:50:24,00:12:55,07:50:24,00:11:41,6,5050  kg
2014,7,3,00:16:11,00:07:11,00:00:00,00:09:00,4,6745  kg
2014,7,4,07:57:34,00:06:30,07:57:34,00:01:39,2,2040.5  kg
2014,7,6,00:31:05,00:16:05,00:00:00,00:15:00,6,4882.5  kg
2014,7,9,00:18:52,00:07:52,00:00:00,00:11:00,4,5240  kg
2014,7,10,08:45:22,00:07:14,08:45:22,00:14:23,5,15440  kg
2014,7,14,00:20:35,00:09:35,00:00:00,00:11:00,4,6515  kg
2014,7,15,07:51:38,00:08:36,07:51:38,00:11:09,4,6950  kg
2014,7,20,00:19:56,00:08:56,00:00:00,00:11:00,4,9750  kg
2014,7,22,00:40:37,00:16:37,00:00:00,00:24:00,8,6283  kg
2014,7,23,18:57:37,00:15:08,18:57:37,00:32:16,5,5250  kg
2014,7,25,00:25:56,00:12:56,00:00:00,00:13:00,5,16020  kg
2014,7,28,00:23:58,00:11:58,00:00:00,00:12:00,4,4222.5  kg
2014,7,29,08:10:43,00:10:45,08:10:43,00:06:45,4,5065  kg
2014,7,30,07:47:31,00:04:32,07:47:31,00:08:26,1,3650  kg
2014,8,3,00:16:26,00:06:26,00:00:00,00:10:00,5,6270  kg
2014,8,4,18:50:22,00:05:28,18:50:22,00:16:42,6,5142.5  kg
2014,8,10,00:26:16,00:12:16,00:00:00,00:14:00,5,6632.5  kg
2014,8,11,19:45:05,00:11:14,19:45:05,00:16:30,5,10712.5  kg
2014,8,13,00:24:38,00:11:38,00:00:00,00:13:00,5,16310  kg
2014,8,18,00:24:49,00:10:49,00:00:00,00:14:00,5,12530  kg
2014,8,19,19:27:27,00:10:19,19:27:27,00:16:22,7,5717.5  kg
2014,8,20,18:14:40,00:14:15,18:14:40,00:15:32,7,4300  kg
2014,8,25,00:22:11,00:10:11,00:00:00,00:12:00,5,5197.5  kg
2014,8,26,19:48:18,00:09:22,19:48:18,00:06:19,5,15490  kg
2014,8,28,00:26:24,00:13:24,00:00:00,00:13:00,5,4025  kg
2014,8,29,18:51:53,00:12:22,18:51:53,00:13:25,3,2455  kg
2014,9,2,00:02:01,00:01:01,00:00:00,00:01:00,1,1312.5  kg
2014,9,3,18:19:32,00:01:00,18:19:32,00:00:43,4,3165  kg
2014,9,4,19:04:20,00:12:55,19:04:20,00:11:59,6,8610  kg
2014,9,18,00:04:09,00:02:09,00:00:00,00:02:00,1,937.5  kg
2014,9,19,19:36:11,00:02:05,19:36:11,00:01:16,4,4680  kg
2014,9,27,00:27:11,00:12:11,00:00:00,00:15:00,5,8010  kg
2014,9,29,00:26:35,00:12:35,00:00:00,00:14:00,5,6435  kg
2014,9,31,00:20:39,00:09:39,00:00:00,00:11:00,4,3057.5  kg
2014,10,1,00:20:39,00:09:39,00:00:00,00:11:00,4,3057.5  kg
2014,10,4,00:24:16,00:12:16,00:00:00,00:12:00,4,15665  kg
2014,10,5,17:34:41,00:10:46,17:34:41,00:13:58,4,4985  kg
2014,10,7,00:19:03,00:09:03,00:00:00,00:10:00,4,3470  kg
2014,10,9,00:17:05,00:08:05,00:00:00,00:09:00,3,12895  kg
2014,10,13,00:19:33,00:08:33,00:00:00,00:11:00,3,4680  kg
2014,10,14,19:16:39,00:07:36,19:16:39,00:15:29,6,11832.5  kg
2014,10,24,00:05:59,00:02:59,00:00:00,00:03:00,1,825  kg
2014,10,27,08:17:36,00:08:03,08:17:36,00:04:16,3,12280  kg
2014,10,29,07:50:52,00:10:46,07:50:52,00:10:22,4,3612.5  kg
2014,10,30,19:43:15,00:13:39,19:43:15,00:10:57,4,17475  kg
2014,11,1,16:15:34,00:11:21,16:15:34,00:01:41,5,5912.5  kg
2014,11,3,19:24:04,00:00:50,19:24:04,00:00:01,1,500  kg
2014,11,6,20:10:54,00:10:07,20:10:54,00:08:07,5,11325  kg
2014,11,7,19:23:20,00:01:30,19:23:20,00:02:25,1,1130  kg
2014,11,9,09:57:59,00:02:48,09:57:59,00:00:03,1,745  kg
2014,11,11,08:52:33,00:16:21,08:52:33,00:03:21,5,22727.5  kg
2014,11,13,08:57:09,00:06:00,08:57:09,00:06:44,3,4070  kg
2014,11,16,19:13:54,00:12:10,19:13:54,00:18:21,4,14370  kg
2014,11,18,19:51:55,00:14:17,19:51:55,00:10:16,5,5145  kg
2014,11,20,09:15:13,00:13:10,09:15:13,00:09:33,5,6420  kg
2014,11,26,19:41:55,00:09:33,19:41:55,00:08:02,4,12690  kg
2014,11,30,19:34:24,00:11:52,19:34:24,00:08:34,4,3080  kg
2014,12,3,20:00:17,00:03:12,20:00:17,00:08:51,2,4290  kg
2014,12,9,00:45:01,00:14:18,00:00:00,00:26:22,4,4370  kg
2014,12,10,00:59:43,00:20:17,00:04:28,00:25:58,7,16963  kg
2014,12,11,00:35:53,00:07:01,00:17:37,00:08:15,3,3765  kg
2014,12,13,00:29:24,00:12:02,00:10:19,00:02:33,4,2831  kg
2014,12,14,00:29:23,00:07:35,00:08:25,00:08:53,4,8240  kg
2014,12,17,00:11:52,00:06:05,00:00:00,00:05:46,3,3220  kg
2014,12,18,00:17:46,00:09:20,00:01:02,00:04:24,3,2417.5  kg
2014,12,26,04:57:33,00:04:48,04:42:57,00:08:18,1,0  kg
2014,12,31,00:49:58,00:15:09,00:00:00,00:28:48,6,6073  kg
2015,1,2,00:17:37,00:06:30,00:09:26,00:00:11,2,916  kg
2015,1,22,00:00:05,00:01:20,00:00:00,00:00:03,1,544  kg
2015,1,31,00:00:04,00:02:00,00:00:00,00:00:05,1,540  kg
2015,2,15,00:51:36,00:13:35,00:13:30,00:18:31,5,3993  kg
2015,2,16,00:57:37,00:09:33,00:37:31,00:06:03,4,9367  kg
2015,2,17,00:56:54,00:21:33,00:07:10,00:19:11,7,5445  kg
2015,2,19,01:07:32,00:13:06,00:43:34,00:04:52,5,7305  kg
2015,2,25,00:05:39,00:04:06,00:00:00,00:06:39,1,492  kg
2015,2,27,00:16:27,00:07:56,00:00:00,00:09:47,3,12682  kg
2015,2,31,00:34:23,00:08:14,00:19:29,00:02:10,4,8414  kg
2015,3,3,00:34:23,00:08:14,00:19:29,00:02:10,4,8414  kg
2015,3,4,00:18:59,00:09:33,00:00:00,00:09:12,3,4524  kg
2015,3,9,00:14:41,00:06:29,00:01:29,00:03:43,3,3940  kg
2015,3,12,18:49:07,00:00:48,18:46:49,00:00:00,1,948  kg
2015,3,14,00:10:44,00:07:36,00:00:00,00:10:30,3,5576  kg
2015,3,21,00:28:21,00:09:22,00:08:48,00:05:41,4,5004  kg
2015,3,22,00:17:21,00:07:51,00:00:00,00:08:25,3,13736  kg
2015,3,24,00:09:08,00:03:20,00:00:00,00:08:55,1,1232  kg
2015,3,26,00:01:34,00:04:12,00:00:00,00:02:30,1,840  kg
2015,4,1,00:16:03,00:08:03,00:00:00,00:08:00,3,9190  kg
2015,4,8,00:28:34,00:14:34,00:00:00,00:14:00,5,10595  kg
2015,4,10,00:15:15,00:08:15,00:00:00,00:07:00,3,2514  kg
2015,4,13,00:04:22,00:02:22,00:00:00,00:02:00,1,1800  kg
2015,4,15,02:12:03,01:55:03,00:00:00,00:17:00,6,70537.5  kg
2015,4,16,00:32:48,01:35:44,00:00:00,00:11:01,6,70537.5  kg
2015,4,18,00:37:26,00:19:26,00:00:00,00:18:00,7,7625  kg
2015,4,19,00:55:04,00:17:03,00:18:00,00:11:01,5,6992.5  kg
2015,4,22,00:30:39,00:16:39,00:00:00,00:14:00,5,16580  kg
2015,4,23,Save,00:21:04,00:14:50,00:00:00,00:07:32,8
2015,4,29,00:23:44,00:11:44,00:00:00,00:12:00,4,8235  kg
2015,4,31,00:23:50,00:11:50,00:00:00,00:12:00,4,14262.5  kg
2015,5,1,00:23:50,00:11:50,00:00:00,00:12:00,4,14262.5  kg
2015,5,6,00:25:34,00:13:34,00:00:00,00:12:00,5,4657  kg
2015,5,10,00:19:54,00:09:54,00:00:00,00:10:00,4,11450  kg
2015,5,13,00:28:47,00:14:47,00:00:00,00:14:00,6,6385  kg
2015,5,14,00:19:18,00:13:39,00:00:00,00:04:59,6,3122.5  kg
2015,5,20,00:33:04,00:16:04,00:00:00,00:17:00,5,10908  kg
2015,5,21,00:31:03,00:13:50,00:04:49,00:06:24,7,8030  kg
2015,5,26,00:31:55,00:15:55,00:00:00,00:16:00,5,17245  kg
2015,6,1,00:50:07,00:23:07,00:00:00,00:27:00,9,10212.5  kg
2015,6,2,00:51:59,00:20:40,00:00:00,00:24:14,5,4336  kg
2015,6,4,00:22:47,00:10:47,00:00:00,00:12:00,5,11865  kg
2015,6,5,00:34:04,00:09:56,00:12:27,00:05:41,6,4970  kg
2015,6,8,00:17:54,00:08:54,00:00:00,00:09:00,3,4547  kg
2015,6,9,00:11:05,00:08:13,00:00:00,00:04:53,8,10400.5  kg
2015,6,11,00:23:43,00:12:43,00:00:00,00:11:00,6,3559  kg
2015,6,16,00:38:18,00:18:18,00:00:00,00:20:00,2,6200  kg
2015,6,17,00:37:20,00:16:10,00:05:50,00:13:50,4,6290  kg
2015,6,22,00:42:49,00:20:49,00:00:00,00:22:00,8,5725  kg
2015,6,23,00:45:52,00:18:24,00:02:43,00:14:15,7,14340  kg
2015,6,25,00:18:02,00:11:57,00:00:00,00:04:39,5,2653  kg
2015,6,26,00:42:13,00:23:13,00:00:00,00:19:00,7,11663  kg
2015,6,27,00:29:25,00:20:48,00:00:00,00:06:20,7,5025  kg
2015,6,30,00:41:26,00:20:26,00:00:00,00:21:00,7,6935  kg
2015,6,31,00:41:37,00:18:29,00:02:34,00:11:34,6,4381  kg
2015,7,1,00:41:37,00:18:29,00:02:34,00:11:34,6,4381  kg
2015,7,5,00:40:29,00:18:29,00:00:00,00:22:00,8,14120  kg
2015,7,7,00:39:56,00:18:56,00:00:00,00:21:00,8,6507  kg
2015,7,8,00:44:04,00:16:37,00:05:23,00:11:34,6,6285  kg
2015,7,10,00:32:52,00:15:52,00:00:00,00:17:00,6,6525  kg
2015,7,13,00:36:34,00:16:34,00:00:00,00:20:00,7,17925  kg
2015,7,18,00:49:56,00:23:56,00:00:00,00:26:00,8,6992.5  kg
2015,7,19,01:05:16,00:21:55,00:18:22,00:14:29,6,18447.5  kg
2015,7,21,00:48:19,00:23:19,00:00:00,00:25:00,8,6770  kg
2015,7,22,00:51:10,00:21:59,00:12:25,00:06:16,8,15708  kg
2015,7,27,00:17:42,00:08:42,00:00:00,00:09:00,3,4447.5  kg
2015,8,5,00:46:43,00:22:43,00:00:00,00:24:00,8,7009.5  kg
2015,8,12,00:27:34,00:14:34,00:00:00,00:13:00,4,11475  kg
2015,8,16,00:32:56,00:16:56,00:00:00,00:16:00,5,6395  kg
2015,8,18,00:22:13,00:11:13,00:00:00,00:11:00,4,12750  kg
2015,8,19,00:53:37,00:10:09,00:22:29,00:16:29,4,5950  kg
2015,8,23,00:27:15,00:13:15,00:00:00,00:14:00,6,6180  kg
2015,8,25,00:42:26,00:21:26,00:00:00,00:21:00,7,10810  kg
2015,8,31,00:36:42,00:16:42,00:00:00,00:20:00,6,7732.5  kg
2015,9,2,00:34:21,00:16:21,00:00:00,00:18:00,6,8847.5  kg
2015,9,5,00:28:55,00:14:55,00:00:00,00:14:00,5,13425  kg
2015,9,7,00:38:49,00:19:49,00:00:00,00:19:00,6,17337.5  kg
2015,9,14,00:26:08,00:12:08,00:00:00,00:14:00,5,6100  kg
2015,9,16,00:05:31,00:02:31,00:00:00,00:03:00,1,2240  kg
2015,9,17,00:02:56,00:02:08,00:00:00,00:00:05,3,12860  kg
2015,9,19,00:34:42,00:16:42,00:00:00,00:18:00,7,5380  kg
2015,9,21,00:50:16,00:23:16,00:00:00,00:27:00,10,11441  kg
2015,9,24,00:23:10,00:12:10,00:00:00,00:11:00,5,6068.5  kg
2015,10,5,00:25:54,00:12:54,00:00:00,00:13:00,5,7342.5  kg
2015,10,6,00:12:02,00:11:42,00:00:00,00:02:22,4,9950  kg
2015,10,7,00:33:25,00:12:18,00:14:32,00:02:05,6,3800  kg
2015,10,20,00:28:29,00:13:29,00:00:00,00:15:00,5,7080  kg
2015,10,21,00:33:01,00:12:40,00:00:00,00:17:25,5,13480  kg
2015,10,27,00:28:59,00:14:17,00:00:00,00:08:51,6,3044  kg
2015,10,28,00:40:10,00:12:10,00:21:29,00:00:31,5,2542  kg
2015,11,3,00:33:57,00:13:43,00:06:32,00:06:12,6,2579  kg
2015,11,11,00:02:00,00:01:00,00:00:00,00:01:00,1,200  kg
2015,11,31,00:28:27,00:14:36,00:03:21,00:03:00,6,2640  kg
2015,12,1,00:28:27,00:14:36,00:03:21,00:03:00,6,2640  kg
2015,12,2,00:31:16,00:09:12,00:15:21,00:02:13,4,5226  kg
2015,12,3,00:25:10,00:11:52,00:03:49,00:03:29,5,11155  kg
2015,12,6,00:32:20,00:12:46,00:04:21,00:07:43,6,2887.5  kg
2015,12,8,00:41:21,00:13:02,00:18:52,00:00:27,7,5584  kg
2015,12,9,00:28:41,00:14:22,00:02:37,00:05:42,5,14442.5  kg
2015,12,20,00:29:09,01:17:24,00:00:00,00:05:42,4,1362  kg
2016,1,5,Save,00:47:40,00:16:12,00:12:26,00:11:32,6
2016,1,6,00:35:24,00:11:02,00:08:57,00:09:25,5,4933  kg
2016,1,10,00:39:13,00:11:29,00:12:21,00:03:23,9,5140  kg
2016,1,12,00:46:04,00:13:03,00:08:06,00:14:25,8,8029  kg
2016,1,14,01:17:22,00:16:22,00:41:33,00:05:57,10,6957  kg
2016,1,19,01:02:32,00:16:10,00:33:14,00:02:38,8,14314  kg
2016,1,21,00:33:00,00:13:52,00:09:06,00:02:32,6,6394  kg
2016,1,26,01:07:03,00:15:37,00:40:54,00:01:32,7,7657  kg
2016,1,28,00:30:00,00:07:06,00:19:39,00:00:15,3,3395  kg
2016,2,2,00:04:00,00:04:00,00:00:00,00:00:06,2,3240  kg
2016,2,4,00:36:50,00:11:09,00:19:58,00:01:13,4,4018.5  kg
2016,2,14,00:48:40,00:17:32,00:16:21,00:05:47,7,7065.5  kg
2016,2,15,00:19:10,00:09:50,00:04:33,00:00:17,4,13390  kg
2016,2,16,00:59:24,00:17:46,00:32:16,00:00:22,7,5311  kg
2016,2,18,01:00:48,00:14:58,00:37:56,00:00:24,6,8125  kg
2016,2,22,01:13:17,00:13:06,00:39:47,00:14:24,5,15080  kg
2016,2,24,00:46:00,00:15:04,00:16:56,00:00:30,10,6171  kg
2016,2,25,00:47:42,00:13:05,00:25:15,00:00:22,7,7857.5  kg
2016,2,30,00:27:00,00:11:48,00:10:04,00:00:38,4,15555  kg
2016,3,1,00:27:00,00:11:48,00:10:04,00:00:38,4,15555  kg
2016,3,5,01:02:47,00:14:37,00:32:42,00:06:28,7,4252.5  kg
2016,3,7,00:25:46,00:09:58,00:07:03,00:01:15,6,6515.5  kg
2016,3,9,00:39:25,00:17:45,00:13:43,00:00:27,6,7220  kg
2016,3,10,00:33:55,00:14:10,00:10:21,00:00:24,7,5030  kg
2016,3,14,Save,00:59:39,00:13:45,00:39:35,00:00:19,5
2016,3,16,00:40:36,00:20:27,00:07:35,00:00:34,9,9555  kg
2016,3,17,00:39:37,00:24:35,00:01:03,00:00:29,10,9164  kg
2016,3,23,00:35:52,00:12:04,00:13:52,00:02:26,6,7952.5  kg
2016,3,24,00:34:15,00:16:56,00:07:53,00:00:26,7,8220  kg
2016,3,31,00:37:36,00:11:25,00:19:52,00:00:19,5,13940  kg
2016,4,3,00:08:10,00:04:30,00:00:00,00:04:12,2,1038  kg
2016,4,6,00:47:17,00:23:37,00:06:36,00:00:34,12,10634  kg
2016,4,8,00:49:24,00:20:15,00:14:17,00:01:22,10,9085  kg
2016,4,10,Save,01:17:48,00:23:13,00:39:26,00:01:39,10
2016,4,12,00:46:32,00:25:07,00:08:55,00:00:30,9,10904  kg
2016,4,14,00:42:43,00:16:54,00:17:56,00:00:23,6,7576.5  kg
2016,4,18,00:24:26,00:14:20,00:03:48,00:00:18,5,2711  kg
2016,4,28,00:25:35,00:06:08,00:17:46,00:00:11,2,5180  kg
2016,4,31,01:09:35,00:41:08,00:09:11,00:04:16,11,7266  kg
2016,5,1,01:09:35,00:41:08,00:09:11,00:04:16,11,7266  kg
2016,5,4,00:43:02,00:25:53,00:05:34,00:02:35,7,9115  kg
2016,5,5,00:55:11,00:23:21,00:19:00,00:05:20,6,14470  kg
2016,5,8,00:57:54,00:30:21,00:13:17,00:00:46,10,6100  kg
2016,5,10,01:38:13,00:37:21,00:41:37,00:01:15,13,7975  kg
2016,5,12,00:43:17,00:21:23,00:13:52,00:00:32,6,9389  kg
2016,5,13,01:05:10,00:14:58,00:45:23,00:00:19,4,13960  kg
2016,5,17,01:11:48,00:08:58,00:58:00,00:00:20,4,6430  kg
2016,5,19,01:04:31,00:17:14,00:39:12,00:00:35,6,9341  kg
2016,5,20,00:41:13,00:17:26,00:14:25,00:01:52,6,9029  kg
2016,5,24,01:09:22,00:31:56,00:24:47,00:00:39,9,8610.5  kg
2016,5,26,00:42:26,00:12:21,00:22:16,00:00:19,6,12060  kg
2016,5,29,00:43:31,00:20:05,00:09:07,00:00:49,10,7707.5  kg
2016,5,30,00:44:53,00:27:08,00:04:07,00:01:38,9,7365  kg
2016,6,2,00:40:27,00:17:01,00:12:38,00:00:18,8,8965  kg
2016,6,4,00:00:12,00:03:20,00:00:00,00:00:05,1,1800  kg
2016,6,9,01:19:22,00:26:40,00:40:38,00:01:34,8,8399.5  kg
2016,6,10,00:20:27,00:17:58,00:00:00,00:06:06,8,4573  kg
2016,6,17,00:23:22,00:15:44,00:00:00,00:00:22,8,6161  kg
2016,6,22,00:47:56,00:20:06,00:13:52,00:00:28,10,8000.5  kg
2016,6,24,01:04:48,00:30:23,00:17:48,00:01:37,11,17554.5  kg
2016,7,5,00:35:57,00:14:10,00:14:11,00:01:36,5,10077  kg
2016,7,7,00:36:01,00:16:44,00:10:12,00:01:35,6,7416  kg
2016,7,12,00:11:21,00:08:22,00:00:00,00:00:13,4,6897  kg
2016,7,14,00:53:46,00:29:28,00:09:51,00:02:27,9,9555  kg
2016,7,15,00:40:46,00:13:50,00:20:45,00:00:11,5,13045  kg
2016,7,17,00:54:52,00:13:33,00:33:44,00:00:05,6,3327  kg
2016,7,19,00:53:37,00:17:41,00:29:56,00:00:00,5,8707.5  kg
2016,7,20,00:08:51,00:02:40,00:04:41,00:00:00,1,1360  kg
2016,7,22,00:31:06,00:14:06,00:11:00,00:00:00,5,6288  kg
2016,7,24,00:26:36,00:11:00,00:11:05,00:00:01,4,11275  kg
2016,7,26,00:02:07,00:10:20,00:00:00,00:00:00,5,6024  kg
2016,7,27,00:36:26,00:15:53,00:14:29,00:00:04,4,2930.5  kg
2016,7,28,00:36:19,00:15:48,00:11:31,00:00:00,7,8332.5  kg
2016,8,2,00:41:26,00:16:15,00:17:38,00:00:03,6,7367  kg
2016,8,3,01:04:51,00:22:15,00:00:36,00:31:30,8,7066.5  kg
2016,8,4,00:52:12,00:14:08,00:08:04,00:24:00,5,17620  kg
2016,8,5,00:57:13,00:12:50,00:36:50,00:00:03,6,6546.8  kg
2016,8,7,00:50:55,00:16:51,00:00:00,00:27:00,6,8515  kg
2016,8,8,00:39:49,00:17:25,00:00:00,00:28:30,8,7008  kg
2016,8,10,00:39:12,00:10:35,00:18:15,00:02:52,6,7574.7  kg
2016,8,11,00:45:39,00:07:00,00:14:39,00:21:00,3,7065  kg
2016,8,12,00:31:41,00:15:01,00:09:08,00:00:02,6,6639.3  kg
2016,8,16,01:05:54,00:12:30,00:30:54,00:18:00,4,6342  kg
2016,8,17,00:36:21,00:08:53,00:03:28,00:19:30,4,6990  kg
2016,8,19,00:54:26,00:13:55,00:04:31,00:27:00,7,10239  kg
2016,8,22,00:41:16,00:21:25,00:00:00,00:00:00,12,9497.6  kg
2016,8,23,00:47:43,00:18:03,00:00:00,00:28:30,8,6973.6  kg
2016,8,25,00:28:14,00:14:41,00:00:00,00:25:30,8,18879.2  kg
2016,8,27,00:15:10,00:10:04,00:00:00,00:00:00,3,3134  kg
2016,8,31,00:38:51,00:15:19,00:09:30,00:02:02,9,9886.2  kg
2016,9,1,00:37:33,00:20:50,00:07:41,00:00:02,7,8039  kg
2016,9,2,00:28:46,00:17:30,00:00:00,00:02:42,8,6365  kg
2016,9,4,00:53:45,00:14:01,00:06:44,00:24:00,7,16011  kg
2016,9,5,00:33:25,00:18:24,00:00:00,00:00:00,6,6245  kg
2016,9,6,00:36:31,00:15:28,00:00:00,00:33:00,8,7333.3  kg
2016,9,7,01:04:58,00:18:24,00:35:57,00:00:07,8,12166  kg
2016,9,8,00:20:41,00:09:03,00:00:00,00:16:30,5,10540  kg
2016,9,11,00:56:27,00:11:10,00:39:11,00:00:06,5,12475  kg
2016,9,14,00:00:14,00:02:20,00:00:00,00:00:00,2,500  kg
2016,10,10,00:45:48,00:16:28,00:00:00,00:30:00,7,18698  kg
2016,10,12,01:03:10,00:15:12,00:08:58,00:28:30,8,9596  kg
2016,10,18,00:46:59,00:18:20,00:00:00,00:33:00,8,10422.7  kg
2016,10,21,00:44:23,00:13:14,00:25:09,00:00:00,5,7290  kg
2016,10,22,00:36:32,00:10:04,00:06:58,00:00:00,3,11000  kg
2016,10,25,00:36:35,00:12:08,00:00:00,00:22:30,5,5600.7  kg
2016,10,26,00:18:47,00:11:06,00:03:09,00:00:02,4,4155  kg
2016,11,1,00:49:59,00:17:21,00:22:04,00:00:04,8,8077  kg
2016,11,3,00:30:04,00:17:28,00:00:00,00:25:30,7,8489  kg
2016,11,5,13:17:43,00:00:45,13:13:58,00:00:00,1,1050  kg
2016,11,8,00:44:33,00:26:11,00:00:00,00:45:00,10,9012  kg
2016,11,11,00:12:23,00:14:24,00:00:00,00:00:00,6,10440  kg
2016,11,16,02:21:16,00:16:04,01:30:42,00:27:00,6,6725  kg
2016,11,18,00:44:20,00:14:36,00:22:12,00:00:02,6,11010  kg
2016,11,25,00:33:34,00:09:25,00:18:07,00:00:02,5,5010  kg
2016,11,28,00:42:45,00:16:44,00:00:00,00:31:30,7,8685  kg
2016,11,30,00:54:50,00:15:19,00:30:21,00:00:10,7,7510  kg
2016,11,31,00:35:06,00:13:52,00:00:00,00:25:30,6,7902  kg
2016,12,1,00:35:06,00:13:52,00:00:00,00:25:30,6,7902  kg
2016,12,2,00:33:48,00:12:47,00:00:00,00:21:00,6,8190  kg
2016,12,5,00:37:26,00:16:51,00:13:05,00:00:00,6,4770  kg
2016,12,6,00:31:36,00:11:06,00:14:26,00:00:04,5,6890  kg
2016,12,15,00:44:08,00:08:13,00:31:20,00:00:05,4,4055  kg
2016,12,16,00:40:30,00:13:31,00:00:00,00:22:30,6,5829  kg
2016,12,17,00:50:31,00:22:53,00:00:00,00:37:30,11,8450  kg
2016,12,20,00:28:42,00:12:04,00:09:06,00:00:02,6,11290  kg
2016,12,21,00:42:22,00:14:11,00:18:45,00:00:26,7,7146  kg
2016,12,23,00:57:10,00:29:54,00:00:00,00:43:30,10,18079  kg
2016,12,28,00:38:57,00:06:21,00:16:06,00:13:30,3,4750  kg
2016,12,30,01:01:54,00:20:02,00:00:00,00:36:00,9,9701  kg
2017,1,5,00:36:25,00:12:46,00:00:00,00:18:00,6,8100  kg
2017,1,6,00:31:41,00:10:10,00:13:58,00:00:03,6,6547.5  kg
2017,1,9,00:43:30,00:08:30,00:11:00,00:19:30,4,6816  kg
2017,1,10,01:03:11,00:15:53,00:12:48,00:27:00,6,9407  kg
2017,1,12,00:43:51,00:14:13,00:00:00,00:25:30,7,12625  kg
2017,1,13,00:15:16,00:12:40,00:00:00,00:00:00,4,3600  kg
2017,1,17,00:37:29,00:16:45,00:00:00,00:30:00,7,8208  kg
2017,1,18,00:24:00,00:11:18,00:00:00,00:00:00,5,5380  kg
2017,1,20,01:30:10,00:24:07,00:18:03,00:36:00,9,20955  kg
2017,1,22,18:01:34,00:01:00,17:57:34,00:01:30,1,1000  kg
2017,1,24,00:42:36,00:15:17,00:00:00,00:27:00,6,7995  kg
2017,1,25,03:19:17,00:14:09,02:32:08,00:24:00,7,7446  kg
2017,1,27,01:15:59,00:16:11,00:22:18,00:28:30,7,13961  kg
2017,1,30,02:41:28,00:19:09,02:08:43,00:00:06,10,9240  kg
2017,1,31,00:58:09,00:14:41,00:08:58,00:27:00,6,10767  kg
2017,2,2,00:42:44,00:13:49,00:00:00,00:24:00,6,7670  kg
2017,2,6,00:41:08,00:19:42,00:00:00,00:34:30,8,10710  kg
2017,2,8,00:43:43,00:10:51,00:07:22,00:21:00,4,6955  kg
2017,2,9,00:46:35,00:17:21,00:20:11,00:00:03,7,10102  kg
2017,2,14,00:49:47,00:17:55,00:00:00,00:33:00,7,10820  kg
2017,2,15,03:03:38,00:14:22,02:19:16,00:22:30,6,8430  kg
2017,2,17,00:53:34,00:15:02,00:29:30,00:00:02,7,8512  kg
2017,2,19,01:07:05,00:24:37,00:27:26,00:00:02,11,18065  kg
2017,2,21,01:01:49,00:19:25,00:31:50,00:00:04,8,11176  kg
2017,2,22,00:43:14,00:15:04,00:00:00,00:25:30,7,10055  kg
2017,2,28,00:44:48,00:20:17,00:00:00,00:00:00,8,7435  kg
2017,2,30,00:45:05,00:22:44,00:13:11,00:00:10,7,13933  kg
2017,2,31,00:32:05,00:11:30,00:00:00,00:21:00,5,4695  kg
2017,3,2,00:45:05,00:22:44,00:13:11,00:00:10,7,13933  kg
2017,3,3,00:32:05,00:11:30,00:00:00,00:21:00,5,4695  kg
2017,3,5,05:20:39,00:19:15,04:16:24,00:00:00,8,10637  kg
2017,3,6,00:36:17,00:16:56,00:00:00,00:31:30,6,6755  kg
2017,3,7,00:49:56,00:19:31,00:21:22,00:00:03,7,14285  kg
2017,3,10,00:44:22,00:16:16,00:00:00,00:33:00,7,10420  kg
2017,3,12,01:08:11,00:21:51,00:32:48,00:00:02,10,13794  kg
2017,3,13,00:52:21,00:14:34,00:00:00,00:31:30,7,6462  kg
2017,3,14,01:00:16,00:24:39,00:00:00,00:40:30,8,9927  kg
2017,3,15,00:53:43,00:24:49,00:16:52,00:00:02,9,10475  kg
2017,3,17,00:29:32,00:11:15,00:00:00,00:22:30,6,11290  kg
2017,3,20,00:37:40,00:18:33,00:00:00,00:30:00,6,9745  kg
2017,3,21,01:04:37,00:22:53,00:00:00,00:33:00,8,20145  kg
2017,3,23,00:50:07,00:29:53,00:00:00,00:40:30,10,12135  kg
2017,3,24,00:55:11,00:26:42,00:00:00,00:42:00,9,11500  kg
2017,3,28,01:06:37,00:27:47,00:22:13,00:00:07,12,12552  kg
2017,3,29,00:48:36,00:12:55,00:08:41,00:21:00,5,16670  kg
2017,3,30,01:13:41,00:19:01,00:44:07,00:00:03,8,9115  kg
2017,4,3,00:39:43,00:21:12,00:08:00,00:00:01,8,10570  kg
2017,4,4,00:34:38,00:13:04,00:00:00,00:21:00,6,11450  kg
2017,4,5,01:22:28,00:22:47,00:10:11,00:39:00,8,12285  kg
2017,4,6,00:45:38,00:15:15,00:00:23,00:24:00,5,9820  kg
2017,4,7,00:40:03,00:15:32,00:00:00,00:24:00,5,8545  kg
2017,4,11,01:02:15,00:24:46,00:00:00,00:37:30,9,12695  kg
2017,4,12,00:49:23,00:22:33,00:00:00,00:39:00,10,10640  kg
2017,4,13,00:35:42,00:12:04,00:00:00,00:22:30,5,10560  kg
2017,4,15,00:48:39,00:23:05,00:00:00,00:39:00,9,13835  kg
2017,4,17,00:56:16,00:13:57,00:03:19,00:30:00,7,11720  kg
2017,4,19,00:38:37,00:14:18,00:18:16,00:00:03,5,12660  kg
2017,4,20,00:49:57,00:28:22,00:00:00,00:37:30,9,12080  kg
2017,4,21,00:51:37,00:12:03,00:30:32,00:00:02,7,9067  kg
2017,4,23,Save,03:23:37,00:21:05,02:20:32,00:31:30,8
2017,4,25,00:57:40,00:22:45,00:21:21,00:00:04,10,10187  kg
2017,4,26,01:14:57,00:15:45,00:53:07,00:00:05,5,9790  kg
2017,4,31,00:38:07,00:20:18,00:00:00,00:30:00,6,14670  kg
2017,5,1,00:38:07,00:20:18,00:00:00,00:30:00,6,14670  kg
2017,5,2,00:36:18,00:14:54,00:00:00,00:25:30,6,9383  kg
2017,5,3,00:33:00,00:16:58,00:00:00,00:28:30,7,11965  kg
2017,5,4,00:27:24,00:18:35,00:00:00,00:24:00,6,8654  kg
2017,5,10,00:43:57,00:19:33,00:00:00,00:33:00,8,10667  kg
2017,5,11,00:44:52,00:26:57,00:04:14,00:00:11,10,10943  kg
2017,5,12,00:38:56,00:18:54,00:12:27,00:00:05,6,12800  kg
2017,5,16,00:56:20,00:27:17,00:03:33,00:10:30,11,13006  kg
2017,5,17,00:58:37,00:30:52,00:12:34,00:01:41,10,10212  kg
2017,5,19,00:47:24,00:27:29,00:04:48,00:00:07,11,7346  kg
2017,5,21,18:55:38,00:14:56,18:31:40,00:00:02,7,4128  kg
2017,5,22,00:54:14,00:26:03,00:13:00,00:00:11,11,15119  kg
2017,5,24,00:18:21,00:08:16,00:07:01,00:00:04,3,5760  kg
2017,5,25,00:10:04,00:10:54,00:00:00,00:01:35,5,6844  kg
2017,5,31,00:51:17,00:33:10,00:03:01,00:00:06,11,11130  kg
2017,6,1,00:46:03,00:20:12,00:00:00,00:37:30,7,13872  kg
2017,6,3,00:38:01,00:15:21,00:00:00,00:27:00,7,9205  kg
2017,6,6,00:10:42,00:06:07,00:00:00,00:00:00,3,6014  kg
2017,6,7,00:37:05,00:21:10,00:05:21,00:00:04,8,12185  kg
2017,6,9,00:45:42,00:27:04,00:05:04,00:00:04,10,9549  kg
2017,6,14,01:01:04,00:20:57,00:29:31,00:00:06,8,10364  kg
2017,6,15,00:35:15,00:21:21,00:00:00,00:33:00,9,10404  kg
2017,6,17,00:29:00,00:18:27,00:01:32,00:00:01,7,4607  kg
2017,6,20,00:36:47,00:18:50,00:10:24,00:00:03,6,9050  kg
2017,6,21,00:32:14,00:15:55,00:00:00,00:30:00,9,10889  kg
2017,6,23,00:43:21,00:21:26,00:00:00,00:36:00,8,16237  kg
2017,6,24,01:10:59,00:22:29,00:00:30,00:34:30,10,18827  kg
2017,6,28,00:50:10,00:25:06,00:00:00,00:37:30,9,13810  kg
2017,6,29,01:06:48,00:32:54,00:00:00,00:51:00,11,12708  kg
2017,6,30,00:56:11,00:21:30,00:00:00,00:00:00,9,10916  kg
2017,7,4,00:58:51,00:25:44,00:00:00,00:42:00,11,16770  kg
2017,7,5,00:32:22,00:14:40,00:00:00,00:21:00,5,16600  kg
2017,7,6,00:48:03,00:22:04,00:00:00,00:42:00,11,11776  kg
2017,7,7,00:27:37,00:09:22,00:00:00,00:16:30,5,9750  kg
2017,7,10,01:02:14,00:17:27,00:01:17,00:00:00,8,10710  kg
2017,7,11,00:45:29,00:23:10,00:09:12,00:01:07,9,8626  kg
2017,7,12,00:36:04,00:19:56,00:07:36,00:01:02,6,15180  kg
2017,7,13,00:47:59,00:27:17,00:00:00,00:40:30,12,11632  kg
2017,7,17,00:54:03,00:21:00,00:17:58,00:00:05,11,12705  kg
2017,7,18,00:56:44,00:26:50,00:00:00,00:39:00,11,11212  kg
2017,7,20,01:04:49,00:23:02,00:00:00,00:34:30,10,22780  kg
2017,7,21,Save,01:00:42,00:30:12,00:00:00,00:39:00,9
2017,7,25,00:47:32,00:21:39,00:09:23,00:04:30,9,9830  kg
2017,7,26,00:47:52,00:15:34,00:00:00,00:28:30,7,11377  kg
2017,7,27,00:45:30,00:25:42,00:10:28,00:00:20,7,18240  kg
2017,7,28,00:33:45,00:15:31,00:00:00,00:22:30,6,7865  kg
2017,8,1,00:43:38,00:12:52,00:00:00,00:27:00,6,12515  kg
2017,8,2,00:38:53,00:14:14,00:12:55,00:01:14,8,9580  kg
2017,8,3,00:37:12,00:12:20,00:00:52,00:19:30,4,11460  kg
2017,8,7,00:42:14,00:21:26,00:00:00,00:30:00,7,8557  kg
2017,8,8,00:44:20,00:16:18,00:00:00,00:33:00,7,10004  kg
2017,8,10,00:36:41,00:10:26,00:00:00,00:22:30,5,10280  kg
2017,8,15,00:30:34,00:16:18,00:00:00,00:25:30,6,7684  kg
2017,8,23,00:35:09,00:18:07,00:06:30,00:00:02,8,9372  kg
2017,8,24,01:01:06,00:28:53,00:00:00,00:40:30,10,9922  kg
2017,8,28,00:58:30,00:25:12,00:00:00,00:43:30,9,18625  kg
2017,8,29,00:36:09,00:17:31,00:00:00,00:30:00,7,9506  kg
2017,8,30,00:53:35,00:28:52,00:00:00,00:55:30,13,15690  kg
2017,9,1,00:53:50,00:27:16,00:00:00,00:46:30,11,17850  kg
2017,9,4,00:40:45,00:21:24,00:00:00,00:34:30,11,11798  kg
2017,9,5,01:00:23,00:11:54,00:18:29,00:24:00,5,10510  kg
2017,9,13,00:44:19,00:21:38,00:12:09,00:00:02,8,14444  kg
2017,9,14,00:49:27,00:15:53,00:00:00,00:33:00,7,8273  kg
2017,9,15,00:44:51,00:19:46,00:00:00,00:27:00,6,17940  kg
2017,9,16,00:00:03,00:01:00,00:00:00,00:00:02,1,480  kg
2017,9,17,00:52:41,00:28:29,00:00:00,00:43:30,11,13534  kg
2017,9,19,00:46:36,00:20:04,00:00:00,00:33:00,9,13115  kg
2017,9,20,00:39:08,00:16:57,00:00:00,00:22:30,5,9552  kg
2017,9,22,00:43:21,00:12:59,00:00:00,00:25:30,6,11277  kg
2017,9,25,00:53:10,00:21:28,00:00:00,00:25:30,6,16820  kg
2017,9,26,00:24:36,00:15:33,00:00:00,00:22:30,6,8222  kg
2017,9,28,00:44:40,00:17:16,00:00:00,00:30:00,7,9645  kg
2017,9,31,00:43:41,00:27:10,00:00:00,00:34:30,10,11617  kg
2017,10,1,00:43:41,00:27:10,00:00:00,00:34:30,10,11617  kg
2017,10,4,00:30:11,00:12:28,00:00:00,00:19:30,5,11950  kg
2017,10,6,00:15:16,00:17:10,00:00:00,00:22:30,7,8585  kg
2017,10,10,00:28:09,00:10:28,00:00:00,00:19:30,5,9566  kg
2017,10,12,00:21:58,00:13:30,00:00:00,00:00:00,5,15160  kg
2017,10,13,01:22:28,00:12:45,00:38:13,00:24:00,6,11447  kg
2017,10,17,00:32:10,00:16:33,00:00:00,00:28:30,8,11795  kg
2017,10,18,00:38:14,00:23:30,00:00:00,00:22:30,5,7135  kg
2017,10,20,Save,00:52:49,00:25:15,00:00:00,00:30:00,7
2017,10,24,00:51:28,00:19:58,00:00:00,00:33:00,9,9482  kg
2017,10,26,00:33:20,00:22:42,00:00:00,00:33:00,7,10150  kg
2017,10,28,00:24:09,00:20:24,00:00:00,00:25:30,7,23460  kg
2017,10,31,01:07:52,00:28:22,00:00:00,00:40:30,11,9305  kg
2017,11,1,00:28:26,00:08:18,00:00:00,00:22:30,6,7360  kg
2017,11,3,00:41:34,00:23:28,00:06:04,00:00:02,9,11265  kg
2017,11,7,00:46:21,00:19:46,00:00:00,00:28:30,6,20910  kg
2017,11,9,00:48:08,00:20:22,00:17:14,00:00:02,8,10846  kg
2017,11,11,00:49:48,00:24:40,00:07:45,00:03:53,10,13540  kg
2017,11,12,00:37:14,00:17:13,00:00:00,00:27:00,8,8447  kg
2017,11,16,00:27:50,00:32:38,00:00:00,00:02:20,15,20440  kg
2017,11,17,00:53:36,00:29:28,00:00:00,00:19:45,6,22980  kg
2017,11,19,00:47:40,00:33:37,00:00:00,00:00:11,13,12152  kg
2017,11,24,00:42:04,00:22:06,00:07:35,00:01:53,8,6462  kg
2017,11,25,00:25:05,00:10:43,00:08:18,00:01:34,4,7965  kg
2017,11,28,00:43:48,00:16:22,00:18:18,00:01:38,6,10842  kg
2017,11,29,00:41:51,00:20:39,00:10:05,00:00:37,8,10332  kg
2017,11,31,00:57:37,00:23:18,00:21:59,00:01:50,8,24525  kg
2017,12,1,00:57:37,00:23:18,00:21:59,00:01:50,8,24525  kg
2017,12,4,00:39:12,00:19:13,00:09:06,00:01:53,7,8897  kg
2017,12,5,00:46:05,00:23:14,00:14:18,00:01:03,6,13538  kg
2017,12,7,00:48:13,00:31:11,00:02:37,00:02:25,9,11466  kg
2017,12,9,00:25:58,00:11:41,00:08:22,00:01:25,4,14850  kg
2017,12,12,00:37:54,00:20:26,00:09:18,00:00:40,6,10300  kg
2017,12,13,00:30:56,00:18:35,00:05:51,00:00:30,5,10165  kg
2017,12,15,00:33:26,00:11:38,00:15:44,00:01:34,4,16815  kg
2017,12,19,00:44:12,00:22:30,00:08:13,00:02:59,8,12080  kg
2017,12,21,00:41:35,00:20:19,00:07:59,00:02:47,8,11195  kg
2017,12,21,00:41:35,00:20:19,00:07:59,00:02:47,8,11195  kg
2017,12,27,00:45:13,00:13:54,00:15:18,00:11:31,4,9710  kg
2017,12,28,00:53:58,00:08:24,00:40:40,00:03:24,2,7825  kg
2018,1,3,00:47:44,00:13:00,00:26:25,00:03:49,4,4452  kg
2018,1,4,00:44:30,00:16:30,00:00:00,00:28:00,5,12295  kg
2018,1,6,00:20:14,00:06:41,00:05:17,00:06:46,2,2845  kg
2018,1,9,00:33:53,00:07:25,00:17:45,00:07:13,2,7495  kg
2018,1,11,00:41:45,00:12:46,00:14:09,00:10:20,4,9800  kg
2018,1,13,00:57:48,00:11:59,00:28:52,00:12:27,4,10407  kg
2018,1,16,00:30:42,00:08:05,00:11:29,00:09:38,2,4802  kg
2018,1,18,00:30:57,00:04:42,00:19:58,00:04:47,2,4605  kg
2018,1,20,00:59:39,00:19:50,00:19:59,00:10:50,7,11816  kg
2018,1,24,00:29:16,00:12:08,00:08:31,00:04:07,4,5357  kg
2018,1,25,00:47:21,00:16:08,00:18:31,00:06:42,5,12410  kg
2018,1,26,01:03:12,00:15:10,00:37:23,00:04:39,5,11373  kg
2018,1,31,00:35:54,00:15:21,00:07:09,00:07:24,5,6252  kg
2018,2,2,00:46:59,00:14:51,00:22:24,00:05:14,4,9710  kg
2018,2,4,00:46:26,00:31:17,00:00:00,00:06:25,10,17890  kg
2018,2,5,00:17:24,00:09:16,00:04:26,00:00:42,3,9900  kg
2018,2,7,00:42:18,00:08:09,00:29:07,00:02:02,3,13725  kg
2018,2,8,00:25:22,00:13:13,00:04:57,00:01:12,5,12432  kg
2018,2,10,00:23:17,00:18:20,00:00:00,00:01:57,5,6310  kg
2018,2,13,00:38:04,00:13:18,00:15:11,00:03:35,5,9859  kg
2018,2,14,00:22:09,00:08:21,00:10:02,00:02:16,2,3835  kg
2018,2,16,00:34:53,00:14:37,00:11:31,00:02:45,5,11820  kg
2018,2,18,00:51:02,00:21:09,00:17:50,00:03:03,7,10465  kg
2018,2,20,00:30:23,00:10:58,00:13:50,00:02:35,3,11305  kg
2018,2,22,00:44:14,00:17:30,00:16:49,00:03:55,5,7747  kg
2018,2,25,00:43:49,00:22:58,00:09:58,00:01:53,7,13163  kg
2018,2,27,00:41:43,00:16:35,00:14:54,00:04:14,5,21520  kg
2018,2,28,00:42:40,00:25:01,00:07:33,00:01:06,7,11755  kg
2018,2,30,00:33:03,00:12:58,00:14:57,00:00:38,4,11965  kg
2018,3,2,00:33:03,00:12:58,00:14:57,00:00:38,4,11965  kg
2018,3,5,00:54:54,00:20:42,00:23:21,00:03:21,6,10077  kg
2018,3,6,00:42:30,00:16:04,00:12:55,00:06:01,6,12080  kg
2018,3,8,00:30:12,00:16:22,00:06:53,00:02:27,4,11960  kg
2018,3,10,00:45:49,00:23:28,00:07:15,00:04:36,8,16655  kg
2018,3,11,00:41:01,00:13:16,00:21:45,00:01:30,4,15540  kg
2018,3,13,00:39:17,00:21:18,00:10:31,00:01:28,5,10240  kg
2018,3,14,00:37:37,00:14:32,00:11:32,00:07:03,4,13740  kg
2018,3,16,00:21:23,00:28:01,00:00:00,00:01:18,6,12072  kg
2018,3,18,00:52:05,00:24:40,00:17:22,00:01:03,7,27055  kg
2018,3,22,00:26:53,00:20:04,00:00:00,00:01:44,5,11515  kg
2018,3,24,00:40:21,00:20:38,00:08:01,00:04:12,6,21029  kg
2018,3,27,00:48:43,00:18:07,00:19:54,00:01:42,7,15040  kg
2018,3,28,00:48:16,00:24:04,00:15:04,00:01:38,6,16555  kg
2018,3,31,00:56:58,00:30:40,00:12:50,00:04:28,7,14546  kg
2018,4,4,00:53:47,00:17:41,00:26:26,00:02:10,6,16965  kg
2018,4,5,00:41:06,00:33:10,00:00:00,00:01:19,8,15140  kg
2018,4,6,01:00:00,00:06:33,00:50:35,00:01:22,2,10550  kg
2018,4,7,01:03:45,00:24:54,00:21:52,00:09:29,6,15130  kg
2018,4,10,00:44:23,00:10:36,00:25:01,00:05:46,3,7645  kg
2018,4,11,00:37:32,00:12:45,00:16:39,00:03:38,4,9877  kg
2018,4,13,01:05:05,00:23:28,00:33:00,00:01:07,6,13815  kg
2018,4,15,00:39:17,00:11:46,00:21:19,00:01:42,4,10670  kg
2018,4,17,00:49:50,00:47:22,00:00:00,00:01:08,8,18117  kg
2018,4,19,00:49:39,00:14:15,00:26:04,00:04:50,4,14675  kg
2018,4,20,00:53:41,00:10:23,00:36:43,00:02:05,4,8425  kg
2018,4,22,00:36:52,00:20:23,00:05:52,00:01:37,7,13507  kg
2018,4,24,00:48:14,00:17:18,00:24:05,00:00:51,5,12972  kg
2018,4,25,00:03:31,00:03:48,00:00:00,00:02:09,1,2590  kg
2018,4,27,00:34:15,00:17:13,00:07:35,00:03:27,5,22780  kg
2018,4,29,01:05:21,00:35:36,00:16:46,00:02:29,8,21382  kg
2018,4,31,00:39:53,00:35:30,00:00:00,00:00:56,6,15430  kg
2018,5,1,00:39:53,00:35:30,00:00:00,00:00:56,6,15430  kg
2018,5,3,00:35:14,00:12:57,00:15:31,00:00:46,5,12120  kg
2018,5,6,00:58:00,00:41:06,00:02:25,00:00:59,10,35635  kg
2018,5,7,00:39:32,00:15:26,00:18:04,00:01:32,4,13620  kg
2018,5,9,00:45:34,00:32:11,00:02:33,00:01:50,7,19120  kg
2018,5,11,00:49:52,00:30:22,00:08:22,00:02:08,7,8626  kg
2018,5,12,00:31:14,00:21:29,00:00:24,00:01:51,6,13270  kg
2018,5,15,00:44:20,00:18:15,00:19:29,00:00:36,5,25415  kg
2018,5,16,00:39:18,00:17:44,00:15:03,00:00:31,5,12682  kg
2018,5,18,00:44:09,00:27:40,00:04:54,00:01:05,8,14398  kg
2018,5,20,00:56:43,00:26:10,00:20:19,00:02:44,6,28740  kg
2018,5,22,00:46:21,00:19:35,00:20:17,00:00:29,5,11451  kg
2018,5,24,00:44:14,00:31:29,00:03:12,00:02:03,6,15637  kg
2018,5,28,00:49:14,00:25:54,00:15:03,00:00:47,6,35400  kg
2018,5,29,00:39:31,00:25:50,00:06:55,00:00:46,5,17477  kg
2018,5,31,00:35:21,00:17:25,00:09:55,00:00:31,6,12990  kg
2018,6,2,00:43:15,00:41:30,00:00:00,00:04:02,8,15280  kg
2018,6,5,00:53:50,00:16:32,00:29:12,00:03:36,4,10252  kg
2018,6,8,00:48:18,00:07:24,00:35:18,00:02:36,3,7510  kg
2018,6,12,00:46:38,00:15:16,00:19:36,00:05:46,5,13875  kg
2018,6,14,00:45:48,00:07:55,00:28:52,00:04:31,4,7540  kg
2018,6,16,01:00:28,00:15:32,00:37:35,00:02:51,4,10265  kg
